[{"model": "catalog.category", "pk": 1, "fields": {"title": "Посуда и кухонные принадлежности", "src": "categories/category_None/daisy.jpeg", "alt": "", "category_id": 0}}, {"model": "catalog.category", "pk": 2, "fields": {"title": "Бокалы и фужеры", "src": "categories/category_None/daisy_ZCoORdt.jpeg", "alt": "", "category_id": 1}}, {"model": "catalog.category", "pk": 3, "fields": {"title": "Сковороды", "src": "categories/category_None/skillet.jpeg", "alt": "", "category_id": 0}}, {"model": "catalog.tag", "pk": 1, "fields": {"name": "Бокалы"}}, {"model": "catalog.tag", "pk": 2, "fields": {"name": "Сковороды"}}, {"model": "catalog.specification", "pk": 1, "fields": {"name": "Объем, мл", "value": "710"}}, {"model": "catalog.specification", "pk": 2, "fields": {"name": "Высота, см", "value": "23"}}, {"model": "catalog.specification", "pk": 3, "fields": {"name": "Количество в комплекте, шт.", "value": "2"}}, {"model": "catalog.specification", "pk": 4, "fields": {"name": "Материал", "value": "Хрустальное стекло"}}, {"model": "catalog.specification", "pk": 5, "fields": {"name": "Назначение питьевого стекла", "value": "для красного вина"}}, {"model": "catalog.specification", "pk": 6, "fields": {"name": "Можно мыть в посудомоечной машине", "value": "Да"}}, {"model": "catalog.specification", "pk": 7, "fields": {"name": "Артикул", "value": "122428"}}, {"model": "catalog.specification", "pk": 8, "fields": {"name": "Вид выпуска товара", "value": "Фабричное производство"}}, {"model": "catalog.specification", "pk": 9, "fields": {"name": "Объем, мл", "value": "660"}}, {"model": "catalog.specification", "pk": 10, "fields": {"name": "Высота, см", "value": "24.3"}}, {"model": "catalog.specification", "pk": 11, "fields": {"name": "Назначение питьевого стекла", "value": "для красного вина, для белого вина"}}, {"model": "catalog.specification", "pk": 12, "fields": {"name": "Артикул", "value": "122429"}}, {"model": "catalog.specification", "pk": 13, "fields": {"name": "Гарантийный срок, лет", "value": "5"}}, {"model": "catalog.specification", "pk": 14, "fields": {"name": "Размер крышки, см", "value": "24"}}, {"model": "catalog.specification", "pk": 15, "fields": {"name": "Диаметр дна, см", "value": "21"}}, {"model": "catalog.specification", "pk": 16, "fields": {"name": "Толщина стенок, мм", "value": "2,5"}}, {"model": "catalog.specification", "pk": 17, "fields": {"name": "Вес товара, г", "value": "1100"}}, {"model": "catalog.specification", "pk": 18, "fields": {"name": "Материал", "value": "Нержавеющая сталь"}}, {"model": "catalog.specification", "pk": 19, "fields": {"name": "Объем, мл", "value": "288"}}, {"model": "catalog.specification", "pk": 20, "fields": {"name": "Высота, см", "value": "24"}}, {"model": "catalog.specification", "pk": 21, "fields": {"name": "Назначение питьевого стекла", "value": "для шампанского"}}, {"model": "catalog.specification", "pk": 22, "fields": {"name": "Артикул", "value": "122330"}}, {"model": "catalog.product", "pk": 1, "fields": {"category": 2, "title": "Набор бокалов для красного вина, объем 710 мл, 2 шт, серия Sensa, Zwiesel Glas, Германия", "price": "2190.00", "totalCount": 10, "date": "2024-02-11T12:30:32.691Z", "fullDescription": "TRITAN ®\r\nНовый вид хрусталя - не содержащий вредных ионов оксидов свинца и бария, которые заменили титаном.\r\nБлагодаря этому хрусталь приобрел необычайную прочность, что позволяет немецким мастерам выполнять изделия необыкновенно тонкие и прозрачные.\r\nПовышенная прочность\r\nХрустальное стекло не царапается и обладает повышенной сопротивляемостью к ударам, а также является экологически чистым.\r\nВысокая ударопрочность достигается благодаря уплотнению бокалов в наиболее хрупких зонах: месте соединения чаши с ножкой и в основании кромки.\r\nВсе места соединения тщательно шлифуются, образуя гладкую поверхность.\r\nИзделия не требует специального ухода, их можно использовать в посудомоечной машине.\r\nомплектация\r\nНабор бокалов для вин Velvety & Sumptuous, объем 710 мл, 2 шт, серия Vivid Senses, Zwiesel Glas (Цвизель Глас), Германия, подарочная коробка", "limited_edition": false, "free_delivery": true, "tags": [1], "specifications": [1, 2, 3, 4, 5, 6, 7, 8]}}, {"model": "catalog.product", "pk": 2, "fields": {"category": 2, "title": "Набор бокалов для вин Flavoursome and Spicy, объем 660 мл, 2 шт, серия Vivid Senses, ZWIESEL GLAS, Г", "price": "25000.00", "totalCount": 2, "date": "2024-02-11T12:39:48.018Z", "fullDescription": "Набор бокалов для вин Flavoursome and Spicy, объем 660 мл, 2 шт, серия Vivid Senses, ZWIESEL GLAS (Цвизель Глас), Германия\r\nНовый вид хрусталя - не содержащий вредных ионов оксидов свинца и бария, которые заменили титаном.\r\nБлагодаря этому хрусталь приобрел необычайную прочность, что позволяет немецким мастерам выполнять изделия необыкновенно тонкие и прозрачные.\r\nХрустальное стекло не царапается и обладает повышенной сопротивляемостью к ударам, а также является экологически чистым.\r\nВысокая ударопрочность достигается благодаря уплотнению бокалов в наиболее хрупких зонах: месте соединения чаши с ножкой и в основании кромки.\r\nВсе места соединения тщательно шлифуются, образуя гладкую поверхность.\r\nИзделия не требует специального ухода, их можно использовать в посудомоечной машине.", "limited_edition": true, "free_delivery": true, "tags": [1], "specifications": [3, 4, 6, 8, 9, 10, 11, 12]}}, {"model": "catalog.product", "pk": 3, "fields": {"category": 3, "title": "Сковорода из нержавеющей стали без покрытия для индукционной, газовой, электрической, керамической п", "price": "5023.00", "totalCount": 9, "date": "2024-02-11T12:51:32.597Z", "fullDescription": "Сковорода Hotberg из нержавеющей стали \r\nПредставляем вашему вниманию современную и стильную сковороду из нержавеющей стали диаметром 24 сантиметра – идеальный выбор для любителей здоровой и вкусной пищи.\r\n\r\nЭта сковорода является настоящим экологическим решением для вашей кухни, поскольку она не имеет какого-либо покрытия, что позволяет сохранить все полезные свойства продуктов при приготовлении.\r\n\r\nМатериал сковороды представляет собой трехслойную сталь толщиной 2,5 мм. Наружный слой выполнен из ферромагнитной стали марки 430, внутренний - из чистого алюминия, а слой, контактирующий с пищевыми продуктами, изготовлен из высококачественной нержавеющей стали марки 304.", "limited_edition": false, "free_delivery": true, "tags": [2], "specifications": [13, 14, 15, 16, 17, 18]}}, {"model": "catalog.product", "pk": 4, "fields": {"category": 2, "title": "Zwiesel Glas Набор фужеров для шампанского, 288 мл, 2 шт", "price": "2590.00", "totalCount": 10, "date": "2024-02-11T12:59:11.758Z", "fullDescription": "Набор фужеров для шампанского, объем 288 мл, 2 шт, серия Prizma, ZWIESEL GLAS (Цвизель Глас), Германия\r\nНовый вид хрусталя - не содержащий вредных ионов оксидов свинца и бария, которые заменили титаном.\r\nБлагодаря этому хрусталь приобрел необычайную прочность, что позволяет немецким мастерам выполнять изделия необыкновенно тонкие и прозрачные.Хрустальное стекло не царапается и обладает повышенной сопротивляемостью к ударам, а также является экологически чистым.\r\nВысокая ударопрочность достигается благодаря уплотнению бокалов в наиболее хрупких зонах: месте соединения чаши с ножкой и в основании кромки.\r\nВсе места соединения тщательно шлифуются, образуя гладкую поверхность.\r\nИзделия не требует специального ухода, их можно использовать в посудомоечной машине.", "limited_edition": false, "free_delivery": false, "tags": [1], "specifications": [3, 4, 6, 8, 19, 20, 21, 22]}}, {"model": "catalog.product", "pk": 5, "fields": {"category": 3, "title": "Test not available", "price": "1366.00", "totalCount": 0, "date": "2024-02-11T13:03:36.941Z", "fullDescription": "Литая антипригарная сковорода с мраморным покрытием ТМ Традиция предназначена для ежедневного использования в домашних условиях. Исключительная прочность и долговечность антипригарного покрытия, равносильная по стойкости природному камню, разработана специально для интенсивного использования на каждый день. В ней можно пожарить яйца, картошку, мясо, рыбу или овощи. Толстостенный литой корпус. Идеальное соотношение толщины стенок и дна - 4 мм и 6 мм, благодаря чему сковорода нагреваются равномерно. Шестислойная антипригарная система покрытия последнего поколения, усиленное минеральными частицами. Два слоя дополнительной защиты от пригорания. До 3000 тысяч циклов приготовления, при соблюдении правил эксплуатации. Гарантия 5 лет на корпус и 2 года на антипригарное покрытие. Удобная бакелитовая не съемная ручка. Подходит для любых видов плит, кроме индукционной. Можно мыть в посудомоечной машине. Сковорода серии Мрамор ТМ Традиция не содержит никеля, тяжелых металлов и ПФОА. При её изготовлении были соблюдены все требования ГОСТ 51162-98.\r\nСерия посуды Мрамор ТМ Традиция обеспечивает максимальный антипригарный эффект для приготовления блюд любой сложности, невероятную устойчивость к царапинам и станет незаменимым предметом на вашей кухне!", "limited_edition": false, "free_delivery": true, "tags": [2], "specifications": []}}, {"model": "catalog.review", "pk": 1, "fields": {"author": 1, "text": "Они идеальные", "rate": 5, "date": "2024-02-11T12:30:32.707Z", "email": null, "product": 1}}, {"model": "catalog.review", "pk": 2, "fields": {"author": 1, "text": "Коробка грязная и мятая. На подарок придётся обклеивать", "rate": 4, "date": "2024-02-11T12:30:32.707Z", "email": null, "product": 1}}, {"model": "catalog.review", "pk": 3, "fields": {"author": 1, "text": "Красивые, приятно дзынькают. Большой объем.", "rate": 5, "date": "2024-02-11T12:39:48.027Z", "email": null, "product": 2}}, {"model": "catalog.review", "pk": 4, "fields": {"author": 1, "text": "Очень достойные бокалы, не супер изящные, но для посиделок вполне подойдут. Думаю, прикуплю себе еще этой фирмы))) Рекомендую", "rate": 4, "date": "2024-02-11T12:39:48.027Z", "email": null, "product": 2}}, {"model": "catalog.review", "pk": 5, "fields": {"author": 1, "text": "Подгорает и прилипает к сковороде не советую, даже за 500 рублей бы не купил", "rate": 1, "date": "2024-02-11T12:51:32.612Z", "email": null, "product": 3}}, {"model": "catalog.review", "pk": 6, "fields": {"author": 1, "text": "Беру 2-й раз в подарок. пользуюсь сама. Очень нравится. Брала большую на 36. Буду брать себе еще на 30см. СПАСИБО, продавцу и изготовитель. Рекомендую.", "rate": 5, "date": "2024-02-11T12:51:32.612Z", "email": null, "product": 3}}, {"model": "catalog.images", "pk": 1, "fields": {"product": 1, "src": "products/product_1/6087978977.webp", "alt": ""}}, {"model": "catalog.images", "pk": 2, "fields": {"product": 1, "src": "products/product_1/6087978979.webp", "alt": ""}}, {"model": "catalog.images", "pk": 3, "fields": {"product": 1, "src": "products/product_1/6087978980.webp", "alt": ""}}, {"model": "catalog.images", "pk": 4, "fields": {"product": 1, "src": "products/product_1/6103696948.webp", "alt": ""}}, {"model": "catalog.images", "pk": 5, "fields": {"product": 1, "src": "products/product_1/6446817472.webp", "alt": ""}}, {"model": "catalog.images", "pk": 6, "fields": {"product": 1, "src": "products/product_1/6446923099.webp", "alt": ""}}, {"model": "catalog.images", "pk": 7, "fields": {"product": 2, "src": "products/product_2/Бокалы_2_2.webp", "alt": ""}}, {"model": "catalog.images", "pk": 8, "fields": {"product": 2, "src": "products/product_2/Бокалы_2_3.webp", "alt": ""}}, {"model": "catalog.images", "pk": 9, "fields": {"product": 2, "src": "products/product_2/Бокалы_2.webp", "alt": ""}}, {"model": "catalog.images", "pk": 10, "fields": {"product": 3, "src": "products/product_3/6834524496.webp", "alt": ""}}, {"model": "catalog.images", "pk": 11, "fields": {"product": 3, "src": "products/product_3/6615679837.webp", "alt": ""}}, {"model": "catalog.images", "pk": 12, "fields": {"product": 3, "src": "products/product_3/6615679842.webp", "alt": ""}}, {"model": "catalog.images", "pk": 13, "fields": {"product": 3, "src": "products/product_3/6615679844.webp", "alt": ""}}, {"model": "catalog.images", "pk": 14, "fields": {"product": 3, "src": "products/product_3/6615679848.webp", "alt": ""}}, {"model": "catalog.images", "pk": 15, "fields": {"product": 3, "src": "products/product_3/6615679866.webp", "alt": ""}}, {"model": "catalog.images", "pk": 16, "fields": {"product": 3, "src": "products/product_3/6834524506.webp", "alt": ""}}, {"model": "catalog.images", "pk": 17, "fields": {"product": 4, "src": "products/product_4/6852494125.webp", "alt": ""}}, {"model": "catalog.images", "pk": 18, "fields": {"product": 4, "src": "products/product_4/6852475978.webp", "alt": ""}}, {"model": "catalog.images", "pk": 19, "fields": {"product": 4, "src": "products/product_4/6891362937.webp", "alt": ""}}, {"model": "catalog.images", "pk": 20, "fields": {"product": 5, "src": "products/product_5/Сковорода2.webp", "alt": ""}}, {"model": "catalog.images", "pk": 21, "fields": {"product": 5, "src": "products/product_5/Сковорода.webp", "alt": ""}}, {"model": "catalog.images", "pk": 22, "fields": {"product": 5, "src": "products/product_5/Сковорода3.webp", "alt": ""}}, {"model": "catalog.saleitem", "pk": 1, "fields": {"product": 1, "salePrice": "1399.00", "dateFrom": "2024-02-11T12:20:18Z", "dateTo": "2024-05-11T12:24:37Z"}}, {"model": "catalog.saleitem", "pk": 2, "fields": {"product": 3, "salePrice": "3585.00", "dateFrom": "2024-02-11T12:40:00Z", "dateTo": "2024-05-11T12:43:10Z"}}]